﻿1;Juan Carlos Arcila Díaz;jdelaarcila@correo.com;;;;2021-10-19;2021-10-19 23:59:00
2;Jorge García;jgarcia@correo.com;;;;2021-10-19;2021-10-19 23:59:00
3;Javier Arturo Vázquez Olivares;jdelavazquez@correo.com;;;;2021-10-19;2021-10-19 23:59:00
4;Rodrigo Martinez Blanco;rblanco@correo.com;;;;2021-10-19;2021-10-19 23:59:00
5;Ángel Arias;aarias@correo.com;;;;2021-10-19;2021-10-19 23:59:00
6;Aldo Olivares;aolivares@correo.com;;;;2021-10-19;2021-10-19 23:59:00
7;Redait Media;rmedia@correo.com;;;;2021-10-19;2021-10-19 23:59:00
